Week,ProductLine,Country,TotalUnits,AvgPrice,Alerta
1,Classic Cars,EIRE,1,50.0,
1,Classic Cars,France,72,0.586,
1,Classic Cars,Germany,4,3.95,
1,Classic Cars,Portugal,16,1.69,
1,Classic Cars,Spain,81,0.9575,
1,Classic Cars,United Kingdom,2257,1.2356544502617801,
1,Others,Australia,4802,1.8370833333333334,
1,Others,EIRE,84,2.8083333333333336,
1,Others,France,1780,3.87583850931677,
1,Others,Germany,2630,2.7932888888888887,
1,Others,Portugal,625,3.3945098039215686,
1,Others,Spain,549,3.099777777777778,
1,Others,Sweden,293,4.423076923076923,
1,Others,United Kingdom,56942,3.124015409018808,
1,Planes,Germany,24,1.75,
1,Planes,United Kingdom,32,2.6833333333333336,
2,Classic Cars,Australia,20,1.65,
2,Classic Cars,EIRE,100,1.45,
2,Classic Cars,France,42,1.778,
2,Classic Cars,Germany,34,1.9275,
2,Classic Cars,Italy,12,1.25,
2,Classic Cars,Netherlands,720,0.36,
2,Classic Cars,Spain,12,2.95,
2,Classic Cars,United Kingdom,1333,1.473,
2,Others,Australia,362,2.25,
2,Others,Belgium,590,2.361612903225806,
2,Others,Cyprus,144,18.250625,
2,Others,EIRE,6098,3.1685,
2,Others,France,3335,3.1746929824561407,
2,Others,Germany,1133,4.639736842105263,
2,Others,Italy,736,2.889130434782609,
2,Others,Netherlands,7490,1.728169014084507,
2,Others,Spain,2114,4.182857142857142,
2,Others,United Kingdom,52669,3.2946249353336783,
2,Planes,Australia,12,2.25,
2,Planes,United Kingdom,37,2.6785714285714284,
3,Classic Cars,Australia,10,1.65,
3,Classic Cars,EIRE,49,26.275,
3,Classic Cars,France,84,0.5583333333333332,
3,Classic Cars,Germany,12,0.42,
3,Classic Cars,Italy,20,1.65,
3,Classic Cars,Netherlands,648,0.36,
3,Classic Cars,Spain,21,1.2966666666666666,
3,Classic Cars,Switzerland,232,0.9530769230769232,
3,Classic Cars,United Kingdom,1043,1.3544186046511628,
3,Others,Australia,328,3.0342857142857143,
3,Others,Belgium,94,3.290909090909091,
3,Others,EIRE,1570,3.016206896551724,
3,Others,Finland,164,10.928,
3,Others,France,1404,3.426230769230769,
3,Others,Germany,721,3.478181818181818,
3,Others,Italy,125,4.640909090909091,
3,Others,Netherlands,11442,2.1819402985074627,
3,Others,Poland,288,3.8415999999999997,
3,Others,Portugal,1216,3.171666666666667,
3,Others,Spain,321,3.193877551020408,
3,Others,Switzerland,2421,2.704778761061947,
3,Others,United Kingdom,109064,3.073,
3,Planes,United Kingdom,80,2.27,
4,Classic Cars,Australia,4,6.75,
4,Classic Cars,EIRE,159,7.502857142857143,
4,Classic Cars,Germany,216,0.7176470588235294,
4,Classic Cars,Iceland,12,2.95,
4,Classic Cars,Lebanon,12,2.55,
4,Classic Cars,Singapore,156,0.7766666666666667,
4,Classic Cars,Spain,48,1.432,
4,Classic Cars,Sweden,180,1.25,
4,Classic Cars,Switzerland,36,0.42,
4,Classic Cars,United Kingdom,1585,1.2792465753424658,
4,Others,Australia,106,4.474210526315789,
4,Others,Belgium,108,5.654375,
4,Others,Channel Islands,259,6.116,
4,Others,EIRE,733,4.109999999999999,
4,Others,Finland,601,7.001666666666666,
4,Others,France,660,4.563114754098361,
4,Others,Germany,3234,2.9813168724279837,
4,Others,Greece,526,6.4809375,
4,Others,Iceland,295,2.373846153846154,
4,Others,Italy,228,3.7807692307692307,
4,Others,Lebanon,374,5.452045454545455,
4,Others,Portugal,237,4.098,
4,Others,Singapore,935,4.924716981132075,
4,Others,Spain,699,4.446161616161616,
4,Others,Sweden,2624,2.5984210526315787,
4,Others,Switzerland,304,3.7909677419354844,
4,Others,United Kingdom,43782,3.2380950314601864,
4,Planes,Iceland,8,4.25,
4,Planes,United Kingdom,9,3.91,
5,Classic Cars,Austria,20,1.65,
5,Classic Cars,EIRE,1,50.0,
5,Classic Cars,France,48,0.42,
5,Classic Cars,Germany,20,2.53,
5,Classic Cars,Spain,24,0.42,
5,Classic Cars,United Kingdom,2272,1.349645390070922,
5,Others,Austria,322,5.448,
5,Others,Belgium,21,10.741666666666667,
5,Others,EIRE,803,4.322604166666666,
5,Others,France,2959,3.0525581395348835,
5,Others,Germany,1615,4.273468208092485,
5,Others,Japan,37,1.2316216216216216,
5,Others,Netherlands,230,3.651904761904762,
5,Others,Norway,197,3.841176470588235,
5,Others,Poland,98,4.4,
5,Others,Spain,340,5.097619047619047,
5,Others,Sweden,250,5.2425,
5,Others,Switzerland,211,6.335384615384616,
5,Others,United Kingdom,55610,3.0873648648648646,
5,Planes,EIRE,4,4.25,
5,Planes,United Kingdom,34,2.25,
6,Classic Cars,Cyprus,12,0.85,
6,Classic Cars,France,80,0.16,
6,Classic Cars,Japan,144,0.36,
6,Classic Cars,Netherlands,360,0.36,
6,Classic Cars,Poland,4,3.95,
6,Classic Cars,United Kingdom,1671,1.6141891891891893,
6,Others,Australia,79,3.96,
6,Others,Belgium,273,4.403684210526316,
6,Others,Cyprus,482,9.828901098901099,
6,Others,France,891,2.7409433962264154,
6,Others,Germany,1027,3.850459770114943,
6,Others,Japan,2818,2.4978260869565214,
6,Others,Netherlands,766,2.9829999999999997,
6,Others,Poland,195,1.386111111111111,
6,Others,Spain,287,4.59825,
6,Others,United Kingdom,38408,3.1620346579025993,
6,Planes,United Kingdom,42,2.75,
7,Classic Cars,Australia,288,0.36,
7,Classic Cars,Belgium,22,1.45,
7,Classic Cars,Cyprus,16,3.95,
7,Classic Cars,Denmark,12,1.25,
7,Classic Cars,EIRE,16,26.15,
7,Classic Cars,France,48,0.42,
7,Classic Cars,Germany,34,1.3833333333333335,
7,Classic Cars,United Kingdom,2519,0.9614634146341463,
7,Motorcycles,United Kingdom,3,1.25,
7,Others,Australia,8096,2.8508955223880594,
7,Others,Belgium,486,3.314516129032258,
7,Others,Channel Islands,935,2.622,
7,Others,Cyprus,1507,2.5115000000000003,
7,Others,Denmark,198,3.245625,
7,Others,EIRE,3473,2.8075982532751094,
7,Others,France,1711,2.43256,
7,Others,Germany,913,3.4033928571428573,
7,Others,Israel,286,2.925,
7,Others,Italy,111,4.115384615384615,
7,Others,Norway,98,4.556666666666667,
7,Others,Spain,219,4.036153846153846,
7,Others,United Arab Emirates,496,2.5856666666666666,
7,Others,United Kingdom,55292,3.0339451233571593,
7,Planes,Denmark,14,3.5833333333333335,
7,Planes,United Kingdom,182,2.2262500000000003,
8,Classic Cars,France,96,0.42,
8,Classic Cars,Germany,24,0.42,
8,Classic Cars,Netherlands,1020,0.7615384615384614,
8,Classic Cars,United Kingdom,3719,1.1286666666666667,
8,Others,Australia,217,3.44,
8,Others,Belgium,285,2.7456,
8,Others,Cyprus,174,17.150454545454547,
8,Others,EIRE,668,5.871333333333333,
8,Others,Finland,141,4.539166666666667,
8,Others,France,671,3.6408196721311477,
8,Others,Germany,1681,3.7900000000000005,
8,Others,Netherlands,14128,2.1757333333333335,
8,Others,Portugal,454,3.7402325581395353,
8,Others,Saudi Arabia,80,2.351111111111111,
8,Others,Switzerland,626,4.5253571428571435,
8,Others,United Kingdom,55954,3.248689407540395,
8,Planes,United Kingdom,60,2.307142857142857,
9,Classic Cars,Australia,1008,0.36,
9,Classic Cars,Czech Republic,12,1.25,
9,Classic Cars,EIRE,125,4.986666666666666,
9,Classic Cars,Finland,167,1.3716666666666668,
9,Classic Cars,France,48,0.42,
9,Classic Cars,Germany,12,0.85,
9,Classic Cars,Spain,24,1.25,
9,Classic Cars,Switzerland,30,1.65,
9,Classic Cars,United Kingdom,1965,1.0235233160621762,
9,Motorcycles,Australia,36,1.06,
9,Motorcycles,United Kingdom,21,1.25,
9,Others,Australia,9228,3.5204166666666667,
9,Others,Austria,53,12.0725,
9,Others,Belgium,308,5.749574468085107,
9,Others,Channel Islands,459,3.572307692307692,
9,Others,Czech Republic,334,1.9742857142857144,
9,Others,EIRE,1401,2.914927536231884,
9,Others,Finland,1960,4.70978021978022,
9,Others,France,1657,3.5665,
9,Others,Germany,908,3.2717073170731705,
9,Others,Greece,289,1.622272727272727,
9,Others,Italy,84,7.8438888888888885,
9,Others,Japan,9,5.0249999999999995,
9,Others,Norway,29,112.66875,
9,Others,Portugal,104,4.010714285714285,
9,Others,Spain,373,4.006363636363637,
9,Others,Switzerland,240,4.011666666666667,
9,Others,United Kingdom,44827,3.311339982653946,
9,Planes,Belgium,4,4.25,
9,Planes,United Kingdom,53,2.5,
10,Classic Cars,Channel Islands,70,0.625,
10,Classic Cars,EIRE,83,17.456666666666667,
10,Classic Cars,France,12,0.85,
10,Classic Cars,Germany,38,2.0025,
10,Classic Cars,Japan,5,0.42000000000000004,
10,Classic Cars,Portugal,296,0.57375,
10,Classic Cars,United Kingdom,2285,1.6694791666666668,
10,Others,Australia,90,2.5300000000000002,
10,Others,Channel Islands,1575,3.3586131386861315,
10,Others,Cyprus,1005,2.5247916666666668,
10,Others,EIRE,3335,57.70225806451613,
10,Others,France,498,3.9978378378378374,
10,Others,Germany,1375,3.831111111111111,
10,Others,Japan,7,1.9928571428571427,
10,Others,Netherlands,277,2.8359259259259257,
10,Others,Portugal,813,2.266875,
10,Others,Sweden,144,0.85,
10,Others,Switzerland,314,10.955,
10,Others,United Kingdom,51424,3.264210981409425,
10,Planes,United Kingdom,43,3.3499999999999996,
11,Classic Cars,EIRE,94,17.37,
11,Classic Cars,France,12,0.42,
11,Classic Cars,Germany,48,0.6966666666666667,
11,Classic Cars,Italy,10,1.65,
11,Classic Cars,Sweden,72,1.25,
11,Classic Cars,United Kingdom,2553,1.2697142857142856,
11,Others,Belgium,306,3.966666666666667,
11,Others,Canada,88,2.0629999999999997,
11,Others,Denmark,879,6.4321052631578945,
11,Others,EIRE,2771,3.74593984962406,
11,Others,Finland,63,9.265,
11,Others,France,1075,3.46025,
11,Others,Germany,2083,3.952051282051282,
11,Others,Italy,430,3.3298,
11,Others,Netherlands,152,5.18875,
11,Others,Norway,63,2.3842857142857143,
11,Others,Poland,162,3.4355555555555553,
11,Others,Spain,393,5.541525423728813,
11,Others,Sweden,5084,1.4734615384615386,
11,Others,United Kingdom,67114,3.038074117878967,
11,Planes,Germany,48,1.9166666666666667,
11,Planes,Spain,12,2.25,
11,Planes,United Kingdom,29,2.875,
12,Classic Cars,Belgium,42,1.54,
12,Classic Cars,EIRE,61,12.9225,
12,Classic Cars,France,53,0.57375,
12,Classic Cars,Germany,60,0.42000000000000004,
12,Classic Cars,Netherlands,72,0.36,
12,Classic Cars,Portugal,12,0.85,
12,Classic Cars,Switzerland,24,0.42,
12,Classic Cars,United Kingdom,2984,1.4695890410958903,
12,Others,Australia,77,5.35625,
12,Others,Austria,929,6.755,
12,Others,Belgium,1138,3.1997590361445782,
12,Others,EIRE,586,3.1530909090909094,
12,Others,France,1796,3.259244186046512,
12,Others,Germany,2044,3.331,
12,Others,Netherlands,933,3.9393939393939394,
12,Others,Norway,64,7.08625,
12,Others,Portugal,114,4.425,
12,Others,Spain,1193,3.7443750000000002,
12,Others,Sweden,107,7.2,
12,Others,Switzerland,203,5.9818181818181815,
12,Others,United Kingdom,60418,2.917873604609291,
12,Planes,Germany,6,2.55,
12,Planes,United Kingdom,84,3.10625,
13,Classic Cars,EIRE,2,50.0,
13,Classic Cars,France,108,0.42000000000000004,
13,Classic Cars,Germany,48,0.42,
13,Classic Cars,Netherlands,720,0.372,
13,Classic Cars,Portugal,24,0.835,
13,Classic Cars,Spain,150,1.45,
13,Classic Cars,United Kingdom,2890,1.1650996015936255,
13,Others,Australia,1,350.0,
13,Others,EIRE,1501,3.351061946902655,
13,Others,Finland,346,4.425,
13,Others,France,4417,2.6591216216216216,
13,Others,Germany,1184,3.7558974358974355,
13,Others,Italy,164,5.0249999999999995,
13,Others,Netherlands,12674,2.6014782608695652,
13,Others,Portugal,361,3.839736842105263,
13,Others,Spain,400,1.5499999999999998,
13,Others,Switzerland,445,4.184390243902439,
13,Others,United Kingdom,69436,2.973801345609065,
13,Planes,Portugal,6,2.25,
13,Planes,United Kingdom,28,3.4125,
14,Classic Cars,Belgium,48,0.42,
14,Classic Cars,EIRE,212,7.797142857142857,
14,Classic Cars,France,97,0.42,
14,Classic Cars,Germany,70,0.625,
14,Classic Cars,Iceland,12,1.25,
14,Classic Cars,Singapore,216,0.36000000000000004,
14,Classic Cars,United Kingdom,2446,1.0690954773869348,
14,Others,Australia,224,2.3911764705882352,
14,Others,Belgium,390,3.045952380952381,
14,Others,EIRE,2072,3.0886725663716814,
14,Others,Finland,269,8.92,
14,Others,France,441,30.676170212765957,
14,Others,Germany,1391,2.782389380530973,
14,Others,Greece,262,5.22,
14,Others,Iceland,459,2.4145,
14,Others,Italy,445,2.077857142857143,
14,Others,Japan,1626,2.5671874999999997,
14,Others,Netherlands,1336,1.8679999999999999,
14,Others,Poland,432,3.1036,
14,Others,Portugal,370,2.428095238095238,
14,Others,Singapore,1173,115.14240740740742,
14,Others,United Kingdom,50409,3.443149591685226,
14,Planes,Germany,12,2.25,
14,Planes,Iceland,12,4.25,
14,Planes,United Kingdom,113,2.2666666666666666,
15,Classic Cars,Belgium,60,0.586,
15,Classic Cars,Channel Islands,1,50.0,
15,Classic Cars,EIRE,18,26.15,
15,Classic Cars,Finland,48,0.42,
15,Classic Cars,France,36,0.42,
15,Classic Cars,Germany,10,1.65,
15,Classic Cars,Portugal,10,1.65,
15,Classic Cars,Sweden,10,1.65,
15,Classic Cars,Switzerland,6,1.95,
15,Classic Cars,United Kingdom,6392,0.8955852842809363,
15,Others,Belgium,206,4.137307692307692,
15,Others,Brazil,356,4.45625,
15,Others,Channel Islands,96,3.5124999999999997,
15,Others,EIRE,723,3.441829268292683,
15,Others,Finland,348,4.801851851851852,
15,Others,France,653,3.6540677966101693,
15,Others,Germany,1662,4.059121621621622,
15,Others,Portugal,571,2.9494545454545453,
15,Others,Spain,156,4.225333333333333,
15,Others,Sweden,191,5.0738095238095235,
15,Others,Switzerland,291,7.662608695652175,
15,Others,United Kingdom,71959,3.0747871278302727,
15,Others,Unspecified,282,2.28125,
15,Planes,United Kingdom,233,2.4055,
16,Classic Cars,EIRE,1,50.0,
16,Classic Cars,Germany,52,0.7375,
16,Classic Cars,Italy,20,1.65,
16,Classic Cars,Spain,24,0.42,
16,Classic Cars,Switzerland,6,2.95,
16,Classic Cars,United Kingdom,1959,1.3816107382550336,
16,Motorcycles,United Kingdom,2,1.25,
16,Others,Belgium,204,3.581666666666667,
16,Others,EIRE,233,2.1855,
16,Others,Finland,153,13.0125,
16,Others,France,493,3.501639344262295,
16,Others,Germany,1899,6.244035087719299,
16,Others,Italy,188,1.84,
16,Others,Japan,6432,0.6614285714285714,
16,Others,Spain,506,4.575438596491228,
16,Others,Switzerland,583,3.7699999999999996,
16,Others,USA,137,3.372727272727273,
16,Others,United Kingdom,61166,3.135042421462967,
16,Planes,France,8,4.25,
16,Planes,United Kingdom,32,2.138888888888889,
17,Classic Cars,Austria,6,2.95,
17,Classic Cars,EIRE,1,50.0,
17,Classic Cars,France,14,0.42,
17,Classic Cars,United Kingdom,2292,0.852910447761194,
17,Others,Austria,305,6.409199999999999,
17,Others,Belgium,275,2.9010344827586207,
17,Others,EIRE,162,2.125,
17,Others,European Community,34,7.990909090909091,
17,Others,France,217,2.8875757575757572,
17,Others,Germany,1200,2.8112,
17,Others,Netherlands,432,2.99,
17,Others,Spain,267,3.132608695652174,
17,Others,Sweden,109,5.945833333333333,
17,Others,United Kingdom,43738,3.1407512019230768,
17,Planes,United Kingdom,56,2.6576923076923076,
18,Classic Cars,Belgium,36,0.42,
18,Classic Cars,EIRE,145,6.70875,
18,Classic Cars,France,108,0.42,
18,Classic Cars,Spain,126,0.73625,
18,Classic Cars,Switzerland,20,1.65,
18,Classic Cars,United Kingdom,2510,1.1901036269430052,
18,Motorcycles,United Kingdom,37,0.835,
18,Others,Austria,42,9.825000000000001,
18,Others,Belgium,218,3.898965517241379,
18,Others,Canada,504,1.06,
18,Others,EIRE,2720,3.7573684210526315,
18,Others,France,1817,2.790948275862069,
18,Others,Germany,799,3.2998214285714282,
18,Others,Poland,116,1.7563636363636363,
18,Others,Spain,709,4.497708333333333,
18,Others,Switzerland,1751,2.148064516129032,
18,Others,United Kingdom,62045,4.562453180048211,
18,Planes,United Kingdom,44,2.5,
19,Classic Cars,Belgium,36,0.42,
19,Classic Cars,Denmark,25,0.42,
19,Classic Cars,EIRE,7,26.475,
19,Classic Cars,France,24,0.42,
19,Classic Cars,Germany,132,0.5429999999999999,
19,Classic Cars,Japan,50,1.65,
19,Classic Cars,Netherlands,864,0.36,
19,Classic Cars,Portugal,3,1.65,
19,Classic Cars,United Kingdom,2684,0.846625,
19,Classic Cars,Unspecified,12,0.42,
19,Motorcycles,United Kingdom,4,1.25,
19,Others,Australia,184,4.161739130434783,
19,Others,Bahrain,240,4.203846153846154,
19,Others,Belgium,541,3.034375,
19,Others,Denmark,343,2.7911111111111113,
19,Others,EIRE,132,5.58375,
19,Others,France,3278,3.489254385964912,
19,Others,Germany,6914,5.106926229508196,
19,Others,Japan,693,2.7136363636363634,
19,Others,Netherlands,12677,3.007037037037037,
19,Others,Portugal,309,9.474868421052632,
19,Others,Sweden,2796,2.833529411764706,
19,Others,Switzerland,114,3.396666666666667,
19,Others,United Kingdom,68986,3.1811549429657795,
19,Others,Unspecified,642,2.0954347826086956,
19,Planes,United Kingdom,42,2.5,
20,Classic Cars,Australia,384,0.89,
20,Classic Cars,EIRE,84,14.07125,
20,Classic Cars,France,156,0.4008333333333333,
20,Classic Cars,Germany,46,0.7275,
20,Classic Cars,United Kingdom,4855,1.1770461538461539,
20,Others,Australia,8200,2.9265753424657537,
20,Others,Bahrain,20,6.074999999999999,
20,Others,Belgium,168,3.4877777777777776,
20,Others,Channel Islands,224,14.938235294117646,
20,Others,EIRE,3449,4.0460617760617765,
20,Others,France,2269,4.445,
20,Others,Germany,2716,3.080347826086957,
20,Others,Netherlands,540,4.992777777777778,
20,Others,Sweden,37,21.05,
20,Others,United Kingdom,80656,3.229074617642515,
20,Planes,France,4,4.25,
20,Planes,Germany,6,2.25,
20,Planes,United Kingdom,221,1.4418181818181817,
21,Classic Cars,Belgium,24,0.42,
21,Classic Cars,EIRE,59,8.405714285714286,
21,Classic Cars,France,30,5.755,
21,Classic Cars,Germany,24,0.42,
21,Classic Cars,United Kingdom,2088,1.3738725490196078,
21,Others,Australia,231,4.07,
21,Others,Austria,434,3.658444444444444,
21,Others,Belgium,806,3.765833333333333,
21,Others,EIRE,655,3.7590410958904115,
21,Others,France,1899,3.3221897810218977,
21,Others,Germany,1681,3.8887222222222224,
21,Others,Netherlands,5624,2.8005882352941174,
21,Others,Poland,500,4.834310344827586,
21,Others,Portugal,3,1013.8933333333334,
21,Others,Spain,25,14.425,
21,Others,United Kingdom,65516,3.3875339645944833,
21,Planes,United Kingdom,62,2.5833333333333335,
22,Classic Cars,Belgium,12,1.25,
22,Classic Cars,France,32,1.5966666666666667,
22,Classic Cars,Germany,46,1.0666666666666667,
22,Classic Cars,Netherlands,48,0.42,
22,Classic Cars,Spain,28,2.6733333333333333,
22,Classic Cars,United Kingdom,1913,1.6383088235294119,
22,Motorcycles,United Kingdom,12,1.25,
22,Others,Belgium,569,4.524133333333333,
22,Others,Cyprus,356,4.914893617021277,
22,Others,European Community,127,4.9447368421052635,
22,Others,France,2080,3.648333333333333,
22,Others,Germany,2162,2.6291729323308273,
22,Others,Italy,267,2.619565217391304,
22,Others,Netherlands,3386,3.412878787878788,
22,Others,Poland,4,6.25,
22,Others,Spain,687,3.8689473684210527,
22,Others,Sweden,54,10.0,
22,Others,Switzerland,364,4.243809523809524,
22,Others,United Kingdom,42410,3.2091297824456113,
22,Planes,Germany,6,2.25,
22,Planes,United Kingdom,87,2.012,
23,Classic Cars,Belgium,10,1.65,
23,Classic Cars,EIRE,315,10.496666666666666,
23,Classic Cars,France,18,1.685,
23,Classic Cars,Germany,12,1.25,
23,Classic Cars,Iceland,18,2.95,
23,Classic Cars,Netherlands,84,0.42000000000000004,
23,Classic Cars,Spain,24,0.42,
23,Classic Cars,Switzerland,24,0.42,
23,Classic Cars,United Kingdom,3253,1.3516141732283464,
23,Motorcycles,United Kingdom,7,1.25,
23,Others,Belgium,448,3.5959999999999996,
23,Others,Denmark,793,3.043673469387755,
23,Others,EIRE,3364,3.1795483870967742,
23,Others,European Community,3,15.0,
23,Others,France,3108,2.8766470588235293,
23,Others,Germany,837,4.900166666666666,
23,Others,Iceland,174,2.90125,
23,Others,Italy,55,7.976999999999999,
23,Others,Malta,378,3.7729545454545454,
23,Others,Netherlands,307,3.082608695652174,
23,Others,Portugal,201,2.415217391304348,
23,Others,Spain,594,5.2468115942028986,
23,Others,Sweden,188,3.5118181818181813,
23,Others,Switzerland,3363,3.946025641025641,
23,Others,United Kingdom,74537,3.258507758336085,
23,Planes,EIRE,6,2.25,
23,Planes,Iceland,4,4.25,
23,Planes,Netherlands,8,4.25,
23,Planes,United Kingdom,53,2.7115384615384617,
24,Classic Cars,Australia,520,1.2916666666666667,
24,Classic Cars,Channel Islands,2,6.75,
24,Classic Cars,EIRE,150,11.612222222222222,
24,Classic Cars,France,112,0.9119999999999999,
24,Classic Cars,Germany,106,0.625,
24,Classic Cars,Netherlands,504,0.36000000000000004,
24,Classic Cars,Spain,66,1.6471428571428572,
24,Classic Cars,United Kingdom,3816,1.5157039711191336,
24,Motorcycles,United Kingdom,2,1.25,
24,Others,Australia,14721,2.0993233082706766,
24,Others,Belgium,590,2.5546,
24,Others,Channel Islands,834,4.354875,
24,Others,EIRE,4011,4.089722222222222,
24,Others,France,2519,3.8742926829268294,
24,Others,Germany,1668,3.465254237288135,
24,Others,Netherlands,4214,1.9060869565217389,
24,Others,Poland,77,8.7,
24,Others,Portugal,220,4.4092,
24,Others,Spain,698,3.8800000000000003,
24,Others,United Kingdom,64354,2.965942188071716,
24,Planes,Belgium,8,4.25,
24,Planes,Germany,6,2.25,
24,Planes,United Kingdom,35,2.892857142857143,
25,Classic Cars,Belgium,12,0.42,
25,Classic Cars,Canada,27,5.185,
25,Classic Cars,Denmark,24,0.42,
25,Classic Cars,EIRE,30,26.035714285714285,
25,Classic Cars,France,312,0.5442857142857143,
25,Classic Cars,Germany,96,0.42,
25,Classic Cars,Netherlands,49,0.42000000000000004,
25,Classic Cars,Norway,76,4.378,
25,Classic Cars,Switzerland,6,2.95,
25,Classic Cars,United Kingdom,3794,1.4663636363636363,
25,Others,Belgium,489,3.0349999999999997,
25,Others,Canada,1029,2.788148148148148,
25,Others,Denmark,727,2.9909090909090907,
25,Others,EIRE,1416,2.65875,
25,Others,Finland,157,5.4715384615384615,
25,Others,France,1372,3.254456521739131,
25,Others,Germany,1766,3.16448,
25,Others,Japan,2256,0.7999999999999999,
25,Others,Malta,24,1.25,
25,Others,Netherlands,365,2.8804301075268817,
25,Others,Norway,1933,9.31167701863354,
25,Others,Spain,49,6.720000000000001,
25,Others,Sweden,162,4.5394736842105265,
25,Others,Switzerland,577,3.869545454545454,
25,Others,United Kingdom,53271,2.9749598232221777,
25,Others,Unspecified,78,4.677777777777778,
25,Planes,Belgium,4,4.25,
25,Planes,Canada,36,1.25,
25,Planes,United Kingdom,37,2.4722222222222223,
26,Classic Cars,Australia,12,1.25,
26,Classic Cars,EIRE,114,15.875714285714285,
26,Classic Cars,France,24,0.42,
26,Classic Cars,Germany,84,0.5583333333333333,
26,Classic Cars,Netherlands,632,3.6125000000000003,
26,Classic Cars,United Kingdom,2523,1.3444292237442923,
26,Others,Australia,728,2.833448275862069,
26,Others,Belgium,103,3.475,
26,Others,EIRE,3498,3.510133333333333,
26,Others,France,568,3.316190476190476,
26,Others,Germany,768,2.9716949152542376,
26,Others,Netherlands,10378,2.2561538461538464,
26,Others,Switzerland,152,3.6576923076923076,
26,Others,United Kingdom,48352,3.1290969001708566,
26,Planes,EIRE,76,2.6550000000000002,
26,Planes,Germany,6,2.25,
26,Planes,United Kingdom,616,2.9008333333333334,
27,Classic Cars,Belgium,96,0.39999999999999997,
27,Classic Cars,EIRE,1,50.0,
27,Classic Cars,Finland,48,0.42,
27,Classic Cars,France,108,0.42,
27,Classic Cars,Germany,90,0.855,
27,Classic Cars,Spain,124,0.7633333333333333,
27,Classic Cars,United Kingdom,2312,1.8333497536945813,
27,Motorcycles,United Kingdom,109,0.39,
27,Others,Belgium,570,3.765102040816327,
27,Others,EIRE,20,14.583333333333334,
27,Others,Finland,174,5.927058823529412,
27,Others,France,1731,3.1110303030303035,
27,Others,Germany,1905,5.061952662721894,
27,Others,Spain,1776,4.020196078431373,
27,Others,Sweden,3242,1.9045,
27,Others,Switzerland,282,3.2076470588235293,
27,Others,United Kingdom,66949,2.7638323116472217,
27,Planes,Finland,6,2.25,
27,Planes,Germany,18,1.75,
27,Planes,United Kingdom,33,2.940909090909091,
28,Classic Cars,Australia,12,9.3,
28,Classic Cars,Canada,46,1.02,
28,Classic Cars,EIRE,1,50.0,
28,Classic Cars,Germany,3,11.083333333333334,
28,Classic Cars,Portugal,24,3.45,
28,Classic Cars,Spain,1,0.39,
28,Classic Cars,United Kingdom,3421,1.2942745098039217,
28,Motorcycles,Australia,72,0.39,
28,Motorcycles,Canada,36,0.39,
28,Motorcycles,Germany,36,0.39,
28,Motorcycles,United Kingdom,9,0.38999999999999996,
28,Others,Australia,4677,1.822909090909091,
28,Others,Austria,100,7.719166666666666,
28,Others,Belgium,13,8.775,
28,Others,Canada,945,9.590533333333335,
28,Others,EIRE,865,4.138378378378379,
28,Others,Finland,857,3.5442592592592597,
28,Others,France,1612,4.8999999999999995,
28,Others,Germany,2228,3.2702439024390246,
28,Others,Greece,244,3.9595833333333332,
28,Others,Israel,633,2.392962962962963,
28,Others,Poland,288,4.9403125,
28,Others,Portugal,955,2.437627118644068,
28,Others,Spain,165,2.7325757575757574,
28,Others,United Kingdom,57701,2.780292122125895,
28,Others,Unspecified,271,3.4606666666666666,
28,Planes,France,8,4.25,
28,Planes,United Kingdom,57,3.1911764705882355,
29,Classic Cars,Australia,36,0.42,
29,Classic Cars,EIRE,175,9.481052631578947,
29,Classic Cars,France,24,0.42,
29,Classic Cars,Germany,376,1.0371428571428571,
29,Classic Cars,Portugal,20,1.65,
29,Classic Cars,United Kingdom,4342,1.2415693430656933,
29,Motorcycles,United Kingdom,113,0.39,
29,Others,Australia,449,2.82659793814433,
29,Others,EIRE,8913,2.84465306122449,
29,Others,European Community,335,3.2051724137931035,
29,Others,Finland,188,6.433333333333334,
29,Others,France,1166,3.197536231884058,
29,Others,Germany,3233,3.2602102102102104,
29,Others,Japan,120,1.45,
29,Others,Netherlands,10,2.602,
29,Others,Norway,586,3.4414285714285713,
29,Others,Portugal,437,1.771851851851852,
29,Others,Singapore,2160,3.0728,
29,Others,Spain,59,11.2725,
29,Others,United Kingdom,79137,2.9565056022408966,
29,Planes,United Kingdom,160,3.2183333333333333,
30,Classic Cars,Austria,4,6.75,
30,Classic Cars,Belgium,60,0.41,
30,Classic Cars,Denmark,24,0.42,
30,Classic Cars,EIRE,6,34.65,
30,Classic Cars,Germany,37,0.42,
30,Classic Cars,Japan,72,0.36,
30,Classic Cars,Spain,24,0.42,
30,Classic Cars,Switzerland,8,1.69,
30,Classic Cars,United Kingdom,4533,1.2502097902097902,
30,Classic Cars,Unspecified,5,2.8,
30,Motorcycles,United Kingdom,6,0.39,
30,Others,Australia,72,1.65,
30,Others,Austria,463,2.290487804878049,
30,Others,Belgium,940,3.7884507042253524,
30,Others,Denmark,217,2.8320000000000003,
30,Others,EIRE,10478,2.5729716981132076,
30,Others,France,651,2.673103448275862,
30,Others,Germany,1109,3.327045454545454,
30,Others,Italy,22,8.133333333333335,
30,Others,Japan,2136,1.9549999999999998,
30,Others,Spain,1277,4.010769230769231,
30,Others,Sweden,2764,3.8461764705882358,
30,Others,Switzerland,1173,4.375,
30,Others,United Kingdom,75487,2.653186105675147,
30,Others,Unspecified,314,3.045923076923077,
30,Planes,Austria,6,2.25,
30,Planes,Spain,12,1.25,
30,Planes,United Kingdom,36,3.25,
31,Classic Cars,Belgium,8,3.95,
31,Classic Cars,EIRE,22,1.9300000000000002,
31,Classic Cars,France,36,1.2633333333333334,
31,Classic Cars,Germany,12,0.85,
31,Classic Cars,Iceland,60,2.1,
31,Classic Cars,Italy,18,2.9500000000000006,
31,Classic Cars,Spain,6,5.35,
31,Classic Cars,Switzerland,74,2.27625,
31,Classic Cars,United Kingdom,4808,1.4847154471544717,
31,Motorcycles,United Kingdom,42,0.38999999999999996,
31,Others,Belgium,449,4.485344827586206,
31,Others,Channel Islands,172,4.499230769230769,
31,Others,EIRE,2986,3.4997093023255816,
31,Others,Finland,145,4.9670588235294115,
31,Others,France,1476,2.867948717948718,
31,Others,Germany,2745,2.884357976653696,
31,Others,Iceland,205,3.017058823529412,
31,Others,Italy,440,5.143846153846154,
31,Others,Poland,137,4.62,
31,Others,Spain,179,7.033235294117647,
31,Others,Sweden,960,0.5549999999999999,
31,Others,Switzerland,2451,3.018952380952381,
31,Others,United Kingdom,81648,2.887640577507599,
31,Planes,EIRE,6,1.25,
31,Planes,France,6,2.55,
31,Planes,Germany,12,2.25,
31,Planes,Iceland,12,4.25,
31,Planes,Switzerland,4,4.25,
31,Planes,United Kingdom,74,1.6916666666666667,
32,Classic Cars,Austria,48,0.42,
32,Classic Cars,Belgium,10,1.65,
32,Classic Cars,EIRE,249,5.9270000000000005,
32,Classic Cars,Finland,24,0.42,
32,Classic Cars,Germany,24,0.42,
32,Classic Cars,Italy,20,1.65,
32,Classic Cars,Netherlands,676,0.49624999999999997,
32,Classic Cars,Norway,14,4.0,
32,Classic Cars,United Kingdom,3155,1.2015714285714287,
32,Motorcycles,United Kingdom,5,0.39,
32,Others,Australia,374,2.426,
32,Others,Austria,502,3.1833333333333336,
32,Others,Belgium,505,2.105609756097561,
32,Others,Denmark,338,2.680625,
32,Others,EIRE,2977,3.1917679558011054,
32,Others,Finland,361,3.9204545454545454,
32,Others,France,380,3.53390243902439,
32,Others,Germany,284,3.855,
32,Others,Italy,501,1.7866666666666668,
32,Others,Netherlands,23228,2.1313392857142857,
32,Others,Norway,622,5.3408,
32,Others,Sweden,85,12.864285714285714,
32,Others,Switzerland,62,7.795,
32,Others,United Kingdom,56820,3.4381339712918657,
32,Planes,United Kingdom,34,2.9899999999999998,
33,Classic Cars,Austria,54,0.9259999999999999,
33,Classic Cars,EIRE,34,25.625,
33,Classic Cars,France,108,0.415,
33,Classic Cars,Germany,12,0.42,
33,Classic Cars,Israel,36,0.95,
33,Classic Cars,Malta,54,0.8800000000000001,
33,Classic Cars,Portugal,30,1.65,
33,Classic Cars,Spain,51,0.526,
33,Classic Cars,Switzerland,24,0.835,
33,Classic Cars,United Kingdom,2758,2.027338403041825,
33,Motorcycles,United Kingdom,17,0.39,
33,Others,Australia,12196,2.254845360824742,
33,Others,Austria,186,4.06,
33,Others,Belgium,590,3.5907317073170733,
33,Others,Channel Islands,800,1.79,
33,Others,EIRE,1967,2.9047972972972973,
33,Others,France,2094,3.2176608187134503,
33,Others,Germany,1344,3.749117647058824,
33,Others,Israel,2992,4.162307692307692,
33,Others,Malta,249,4.68675,
33,Others,Portugal,996,1.24775,
33,Others,Spain,192,3.339814814814815,
33,Others,Sweden,72,6.964999999999999,
33,Others,Switzerland,383,3.735,
33,Others,United Kingdom,70315,2.8322609340252036,
33,Planes,Germany,12,4.25,
33,Planes,United Kingdom,848,3.2262500000000003,
34,Classic Cars,Belgium,25,0.42,
34,Classic Cars,Channel Islands,26,5.33,
34,Classic Cars,EIRE,6,34.583333333333336,
34,Classic Cars,France,154,0.6092307692307692,
34,Classic Cars,Germany,54,0.9259999999999999,
34,Classic Cars,Italy,4,3.95,
34,Classic Cars,Netherlands,216,0.36000000000000004,
34,Classic Cars,Spain,44,2.532857142857143,
34,Classic Cars,United Kingdom,3210,1.2037201365187713,
34,Motorcycles,United Kingdom,130,0.39,
34,Others,Belgium,333,5.130526315789474,
34,Others,Canada,52,0.998,
34,Others,Channel Islands,1011,4.531260504201681,
34,Others,EIRE,844,3.498970588235294,
34,Others,Finland,163,5.6155,
34,Others,France,2554,2.825829596412556,
34,Others,Germany,3366,3.090627615062761,
34,Others,Italy,164,5.832352941176471,
34,Others,Malta,79,7.015000000000001,
34,Others,Netherlands,5180,3.020731707317073,
34,Others,Spain,1073,2.6309022556390977,
34,Others,Sweden,197,3.401904761904762,
34,Others,United Kingdom,74321,2.6521144647864094,
34,Others,Unspecified,185,6.369999999999999,
34,Planes,France,6,2.25,
34,Planes,United Kingdom,57,2.6785714285714284,
35,Classic Cars,Australia,72,0.36,
35,Classic Cars,Belgium,24,0.42,
35,Classic Cars,EIRE,144,0.72,
35,Classic Cars,France,16,1.69,
35,Classic Cars,Germany,88,1.2344444444444445,
35,Classic Cars,Spain,11,1.4433333333333334,
35,Classic Cars,United Arab Emirates,36,0.42,
35,Classic Cars,United Kingdom,3184,1.8418131868131866,
35,Motorcycles,Germany,8,0.39,
35,Motorcycles,United Kingdom,38,0.38999999999999996,
35,Others,Australia,2764,1.36375,
35,Others,Belgium,435,2.8482142857142856,
35,Others,EIRE,3475,4.022692307692308,
35,Others,Finland,87,6.1018181818181825,
35,Others,France,2048,4.446896551724138,
35,Others,Germany,3582,3.452908496732026,
35,Others,Norway,211,5.2675,
35,Others,Poland,49,20.895,
35,Others,Portugal,227,1.9795000000000003,
35,Others,Spain,44,5.696428571428571,
35,Others,Sweden,163,3.164285714285714,
35,Others,United Arab Emirates,449,3.34,
35,Others,United Kingdom,52706,2.9463951515151514,
35,Planes,France,16,2.75,
35,Planes,Germany,20,3.0,
35,Planes,United Kingdom,52,3.0625,
36,Classic Cars,Belgium,60,0.42000000000000004,
36,Classic Cars,EIRE,287,10.595333333333334,
36,Classic Cars,France,252,0.5306666666666666,
36,Classic Cars,Germany,4,3.95,
36,Classic Cars,Netherlands,60,0.42,
36,Classic Cars,Norway,96,0.42,
36,Classic Cars,Spain,12,0.42,
36,Classic Cars,United Kingdom,4656,1.5142708333333335,
36,Motorcycles,United Kingdom,29,0.39,
36,Others,Australia,82,1.815,
36,Others,Belgium,300,4.135945945945946,
36,Others,EIRE,8366,3.183082191780822,
36,Others,France,3738,2.8430835734870317,
36,Others,Germany,2390,3.360802139037433,
36,Others,Netherlands,1098,2.7019298245614034,
36,Others,Norway,1741,2.782368421052632,
36,Others,Poland,253,6.295,
36,Others,Spain,465,6.257540983606557,
36,Others,Switzerland,5,40.0,
36,Others,United Kingdom,79363,2.776300978179082,
36,Planes,Belgium,12,4.25,
36,Planes,Norway,12,1.25,
36,Planes,United Kingdom,561,3.206875,
37,Classic Cars,Australia,36,0.42,
37,Classic Cars,EIRE,16,27.075,
37,Classic Cars,France,24,0.42,
37,Classic Cars,Germany,3,12.5,
37,Classic Cars,Netherlands,72,3.4500000000000006,
37,Classic Cars,Switzerland,24,0.42,
37,Classic Cars,United Kingdom,4439,1.2919662921348314,
37,Motorcycles,United Kingdom,36,0.39,
37,Others,Australia,281,3.118387096774194,
37,Others,EIRE,981,2.5102898550724637,
37,Others,Finland,73,12.7125,
37,Others,France,1718,3.6002857142857145,
37,Others,Germany,958,3.9915873015873014,
37,Others,Japan,144,0.7424999999999999,
37,Others,Netherlands,4879,6.23462962962963,
37,Others,Norway,178,5.0954999999999995,
37,Others,Sweden,4072,1.2217647058823529,
37,Others,Switzerland,356,4.2248484848484855,
37,Others,United Kingdom,97321,3.172457237681899,
37,Planes,EIRE,48,3.95,
37,Planes,United Kingdom,32,3.1,
38,Classic Cars,Belgium,10,1.65,
38,Classic Cars,EIRE,82,12.222222222222221,
38,Classic Cars,France,155,0.5822222222222222,
38,Classic Cars,Germany,84,0.42,
38,Classic Cars,Netherlands,532,0.578,
38,Classic Cars,Portugal,10,1.65,
38,Classic Cars,Spain,84,1.10625,
38,Classic Cars,United Kingdom,5019,1.832983682983683,
38,Motorcycles,United Kingdom,4,1.08,
38,Others,Australia,478,2.6313636363636363,
38,Others,Belgium,1010,3.448395061728395,
38,Others,Channel Islands,583,3.5879166666666666,
38,Others,Cyprus,33,5.95,
38,Others,Denmark,1176,4.4141176470588235,
38,Others,EIRE,3892,3.9027864583333334,
38,Others,Finland,355,5.872777777777778,
38,Others,France,3783,3.6336636636636634,
38,Others,Germany,4496,3.06137339055794,
38,Others,Italy,48,7.1066666666666665,
38,Others,Netherlands,10668,3.43325,
38,Others,Norway,2365,3.3245070422535212,
38,Others,Portugal,662,2.8400000000000003,
38,Others,Spain,1793,3.5199999999999996,
38,Others,Switzerland,2409,3.3802222222222227,
38,Others,United Arab Emirates,1,37.5,
38,Others,United Kingdom,123871,3.0014440379558707,
38,Planes,EIRE,10,3.35,
38,Planes,Spain,6,2.55,
38,Planes,United Kingdom,36,2.914,
39,Classic Cars,Australia,20,1.65,
39,Classic Cars,Belgium,12,0.42,
39,Classic Cars,EIRE,129,25.537,
39,Classic Cars,France,224,0.42,
39,Classic Cars,Germany,54,2.064,
39,Classic Cars,Sweden,20,0.42,
39,Classic Cars,Switzerland,38,2.625,
39,Classic Cars,United Kingdom,6619,1.6166920152091255,
39,Motorcycles,United Kingdom,92,0.39,
39,Others,Australia,346,2.232142857142857,
39,Others,Belgium,251,4.652105263157895,
39,Others,Channel Islands,181,2.0894117647058827,
39,Others,Denmark,428,3.2046428571428573,
39,Others,EIRE,4698,3.480042735042735,
39,Others,France,2172,3.543354037267081,
39,Others,Germany,1245,3.509745762711864,
39,Others,Norway,52,7.860714285714286,
39,Others,Spain,323,2.305263157894737,
39,Others,Sweden,89,7.786666666666666,
39,Others,Switzerland,1423,2.8854205607476637,
39,Others,United Kingdom,97398,2.8490661420914583,
39,Planes,Belgium,4,4.25,
39,Planes,Denmark,4,4.25,
39,Planes,EIRE,8,4.25,
39,Planes,United Kingdom,67,2.738888888888889,
40,Classic Cars,Australia,952,1.645,
40,Classic Cars,Belgium,12,0.42,
40,Classic Cars,EIRE,1,50.0,
40,Classic Cars,France,140,0.6753846153846154,
40,Classic Cars,Germany,140,1.2927272727272727,
40,Classic Cars,Israel,3,1.1,
40,Classic Cars,Netherlands,4,0.835,
40,Classic Cars,Portugal,62,1.3711764705882352,
40,Classic Cars,Switzerland,24,0.835,
40,Classic Cars,United Kingdom,7170,1.8715799614643547,
40,Motorcycles,United Kingdom,85,0.39,
40,Others,Australia,6449,3.7303,
40,Others,Belgium,106,4.286875,
40,Others,Channel Islands,1095,2.8270370370370372,
40,Others,Cyprus,378,4.748666666666667,
40,Others,Czech Republic,325,4.938,
40,Others,Denmark,637,4.615,
40,Others,EIRE,676,4.061891891891892,
40,Others,Finland,73,21.875,
40,Others,France,1931,3.1577985074626866,
40,Others,Germany,6539,3.8896524064171123,
40,Others,Israel,96,2.671875,
40,Others,Netherlands,569,5.324705882352941,
40,Others,Portugal,1061,2.051747572815534,
40,Others,Spain,223,5.658571428571428,
40,Others,Switzerland,1626,2.826734693877551,
40,Others,United Kingdom,134852,3.2403351955307262,
40,Planes,Spain,4,4.25,
40,Planes,United Kingdom,214,3.3579166666666667,
41,Classic Cars,Belgium,24,0.42,
41,Classic Cars,Cyprus,32,2.6,
41,Classic Cars,EIRE,344,9.413478260869566,
41,Classic Cars,France,236,0.7084615384615384,
41,Classic Cars,Germany,72,0.42000000000000004,
41,Classic Cars,Portugal,16,2.185,
41,Classic Cars,RSA,6,4.15,
41,Classic Cars,Switzerland,48,0.5275,
41,Classic Cars,USA,64,1.0083333333333335,
41,Classic Cars,United Kingdom,4890,1.9887764705882354,
41,Motorcycles,EIRE,36,0.39,
41,Motorcycles,United Kingdom,365,0.38999999999999996,
41,Others,Belgium,1853,2.7359999999999998,
41,Others,Channel Islands,312,2.7195238095238095,
41,Others,Cyprus,625,7.866039603960396,
41,Others,Denmark,136,3.043333333333333,
41,Others,EIRE,4222,2.973609022556391,
41,Others,Finland,705,4.276865671641791,
41,Others,France,3768,3.222541899441341,
41,Others,Germany,2832,5.811423220973783,
41,Others,Italy,60,6.616428571428571,
41,Others,Norway,87,10.793684210526315,
41,Others,Portugal,1639,3.565405405405405,
41,Others,RSA,345,4.35625,
41,Others,Singapore,599,5.2925,
41,Others,Spain,1006,7.282,
41,Others,Sweden,1,15.0,
41,Others,Switzerland,871,3.5524050632911393,
41,Others,USA,1158,2.2301063829787235,
41,Others,United Kingdom,85317,2.9860906415538553,
41,Planes,EIRE,16,4.25,
41,Planes,France,32,2.675,
41,Planes,USA,6,2.25,
41,Planes,United Kingdom,56,1.8499999999999999,
42,Classic Cars,Austria,24,0.42,
42,Classic Cars,Belgium,32,2.85,
42,Classic Cars,EIRE,226,9.51,
42,Classic Cars,Germany,478,0.7741935483870968,
42,Classic Cars,Netherlands,2332,1.4561111111111111,
42,Classic Cars,Spain,56,1.9425,
42,Classic Cars,Sweden,1072,0.586,
42,Classic Cars,United Kingdom,7278,1.5189328063241108,
42,Motorcycles,Spain,5,0.39,
42,Motorcycles,United Kingdom,10,0.38999999999999996,
42,Others,Austria,467,3.5828846153846152,
42,Others,Belgium,346,3.8871875,
42,Others,Cyprus,380,2.967142857142857,
42,Others,Denmark,96,7.080000000000001,
42,Others,EIRE,9585,3.226546762589928,
42,Others,France,1263,3.49527027027027,
42,Others,Germany,5915,3.007116704805492,
42,Others,Italy,846,2.675076923076923,
42,Others,Netherlands,18556,2.7052061855670106,
42,Others,Portugal,372,25.37310344827586,
42,Others,Singapore,2,3034.0299999999997,
42,Others,Spain,1173,2.8194117647058823,
42,Others,Sweden,4880,1.4392000000000003,
42,Others,USA,489,2.6962499999999996,
42,Others,United Kingdom,91532,2.9184547461368653,
42,Planes,Germany,34,2.45,
42,Planes,United Kingdom,52,3.0961538461538463,
43,Classic Cars,Belgium,36,1.655,
43,Classic Cars,EIRE,2,50.0,
43,Classic Cars,France,24,0.42,
43,Classic Cars,Germany,20,0.42,
43,Classic Cars,Italy,18,2.6,
43,Classic Cars,Netherlands,100,1.45,
43,Classic Cars,Norway,184,0.5941666666666666,
43,Classic Cars,Spain,24,0.19,
43,Classic Cars,Switzerland,100,1.56,
43,Classic Cars,United Kingdom,5942,1.6788277087033747,
43,Motorcycles,United Kingdom,55,0.5781818181818182,
43,Others,Belgium,603,5.092236842105263,
43,Others,EIRE,404,3.5574285714285714,
43,Others,Finland,284,4.376,
43,Others,France,5973,70.68272000000002,
43,Others,Germany,1215,4.250530973451327,
43,Others,Italy,588,4.48457627118644,
43,Others,Japan,1124,2.05125,
43,Others,Netherlands,5669,1.7696296296296297,
43,Others,Norway,1421,3.361348314606742,
43,Others,Spain,1861,3.7235403726708074,
43,Others,Sweden,198,4.968125000000001,
43,Others,Switzerland,1863,2.7082644628099173,
43,Others,United Kingdom,117827,2.8874252723717295,
43,Planes,Belgium,10,3.25,
43,Planes,France,24,2.15,
43,Planes,United Kingdom,58,3.4415789473684213,
44,Classic Cars,Australia,24,0.42,
44,Classic Cars,Belgium,61,2.8024999999999998,
44,Classic Cars,EIRE,79,8.791428571428572,
44,Classic Cars,France,170,1.02875,
44,Classic Cars,Germany,8,3.95,
44,Classic Cars,Iceland,100,1.258,
44,Classic Cars,Italy,1,9.95,
44,Classic Cars,Netherlands,146,0.39,
44,Classic Cars,Poland,24,0.42,
44,Classic Cars,Spain,3,4.15,
44,Classic Cars,Sweden,20,0.42,
44,Classic Cars,Switzerland,504,0.42000000000000004,
44,Classic Cars,United Kingdom,6612,1.6024225865209472,
44,Motorcycles,United Kingdom,70,0.39,
44,Others,Australia,720,2.368,
44,Others,Belgium,852,4.273296703296704,
44,Others,Channel Islands,638,4.1171875,
44,Others,EIRE,1207,3.35488,
44,Others,Finland,379,9.225833333333332,
44,Others,France,2944,2.6493410852713177,
44,Others,Germany,1855,3.598809523809524,
44,Others,Iceland,560,2.64925,
44,Others,Italy,135,8.7075,
44,Others,Netherlands,2586,2.0586363636363636,
44,Others,Norway,273,5.700645161290322,
44,Others,Poland,917,2.718,
44,Others,Portugal,80,3.4408333333333334,
44,Others,Spain,460,3.5476543209876543,
44,Others,Sweden,557,2.6163157894736844,
44,Others,Switzerland,2204,3.9077272727272727,
44,Others,United Kingdom,124142,2.9150602727672683,
44,Planes,Belgium,4,4.25,
44,Planes,Iceland,16,4.25,
44,Planes,United Kingdom,489,3.1852941176470586,
45,Classic Cars,Austria,24,0.42,
45,Classic Cars,Belgium,28,1.8066666666666666,
45,Classic Cars,EIRE,353,18.398571428571426,
45,Classic Cars,France,207,1.3038461538461539,
45,Classic Cars,Germany,107,0.5122222222222221,
45,Classic Cars,Netherlands,288,0.5933333333333334,
45,Classic Cars,Spain,18,2.285,
45,Classic Cars,Sweden,72,0.39,
45,Classic Cars,United Kingdom,6863,1.398777969018933,
45,Motorcycles,United Kingdom,95,0.39,
45,Others,Austria,351,3.482857142857143,
45,Others,Belgium,583,3.4620833333333336,
45,Others,EIRE,4888,3.2603968253968256,
45,Others,France,4201,2.770424403183024,
45,Others,Germany,2020,8.059192825112108,
45,Others,Netherlands,7498,2.7129032258064516,
45,Others,Portugal,255,3.9655,
45,Others,Spain,678,4.301176470588236,
45,Others,Sweden,77,6.009090909090909,
45,Others,Switzerland,64,7.97,
45,Others,United Kingdom,128147,2.809522688020097,
45,Planes,United Kingdom,81,3.20625,
46,Classic Cars,Austria,12,0.42,
46,Classic Cars,Belgium,37,2.8024999999999998,
46,Classic Cars,Channel Islands,1,50.0,
46,Classic Cars,Cyprus,37,0.5966666666666667,
46,Classic Cars,Denmark,76,0.9259999999999999,
46,Classic Cars,EIRE,265,14.497894736842104,
46,Classic Cars,Finland,4,6.75,
46,Classic Cars,France,138,0.6775,
46,Classic Cars,Germany,112,1.11875,
46,Classic Cars,Japan,100,1.04,
46,Classic Cars,Portugal,24,3.2750000000000004,
46,Classic Cars,United Kingdom,5965,1.707923076923077,
46,Motorcycles,United Kingdom,45,0.39,
46,Others,Australia,3130,2.0562962962962965,
46,Others,Austria,330,4.3384374999999995,
46,Others,Belgium,937,4.293444444444445,
46,Others,Channel Islands,77,2.605,
46,Others,Cyprus,261,2.4810526315789474,
46,Others,Denmark,949,2.105294117647059,
46,Others,EIRE,5550,3.6598581560283687,
46,Others,Finland,329,7.540454545454545,
46,Others,France,4365,3.607252747252747,
46,Others,Germany,4821,3.7523511904761904,
46,Others,Italy,713,4.41828125,
46,Others,Japan,2110,3.2133333333333334,
46,Others,Malta,186,9.659166666666666,
46,Others,Netherlands,336,4.647692307692308,
46,Others,Norway,240,5.471764705882353,
46,Others,Portugal,206,4.681,
46,Others,Spain,985,3.846511627906977,
46,Others,Sweden,1127,3.917894736842105,
46,Others,Switzerland,669,1.779318181818182,
46,Others,United Kingdom,123365,2.8456803912979995,
46,Planes,Cyprus,2,4.25,
46,Planes,EIRE,12,1.65,
46,Planes,France,18,2.0999999999999996,
46,Planes,Germany,6,2.25,
46,Planes,United Kingdom,75,3.1376190476190478,
47,Classic Cars,EIRE,77,25.595,
47,Classic Cars,France,199,0.8193333333333334,
47,Classic Cars,Germany,146,0.6036363636363636,
47,Classic Cars,Italy,52,0.6966666666666667,
47,Classic Cars,Netherlands,74,5.154999999999999,
47,Classic Cars,Norway,16,1.69,
47,Classic Cars,Spain,200,1.45,
47,Classic Cars,Switzerland,32,0.42,
47,Classic Cars,United Kingdom,8011,1.7134477611940298,
47,Motorcycles,United Kingdom,66,0.39,
47,Others,Australia,224,2.1350000000000002,
47,Others,Belgium,185,2.638095238095238,
47,Others,EIRE,2548,2.972215909090909,
47,Others,Finland,73,21.875,
47,Others,France,2433,3.632183908045977,
47,Others,Germany,3286,3.8182042253521122,
47,Others,Italy,1247,7.075514018691589,
47,Others,Netherlands,7684,2.8791549295774646,
47,Others,Norway,578,4.40375,
47,Others,Portugal,526,3.4763636363636365,
47,Others,Spain,1046,4.8944117647058825,
47,Others,Sweden,120,8.706666666666667,
47,Others,Switzerland,153,4.8915,
47,Others,United Kingdom,113283,2.8362576080340838,
47,Planes,EIRE,6,2.25,
47,Planes,France,6,1.65,
47,Planes,Germany,2,4.25,
47,Planes,United Kingdom,97,3.1090909090909093,
48,Classic Cars,Australia,12,1.25,
48,Classic Cars,Belgium,86,0.42000000000000004,
48,Classic Cars,Denmark,24,0.65,
48,Classic Cars,EIRE,191,14.731666666666667,
48,Classic Cars,France,450,0.9255000000000001,
48,Classic Cars,Germany,84,0.586,
48,Classic Cars,Japan,66,0.775,
48,Classic Cars,Norway,264,0.42,
48,Classic Cars,Portugal,14,1.65,
48,Classic Cars,Spain,100,1.45,
48,Classic Cars,USA,48,0.42,
48,Classic Cars,United Kingdom,8286,1.7149566294919456,
48,Motorcycles,United Kingdom,26,0.4855555555555556,
48,Others,Australia,95,5.588461538461539,
48,Others,Belgium,965,3.371025641025641,
48,Others,Denmark,488,1.8696153846153847,
48,Others,EIRE,4872,3.6958333333333333,
48,Others,Finland,705,7.002916666666667,
48,Others,France,5792,3.536216216216216,
48,Others,Germany,4061,3.716805194805195,
48,Others,Italy,164,4.104166666666667,
48,Others,Japan,2170,2.3754545454545455,
48,Others,Lithuania,622,2.8629411764705885,
48,Others,Netherlands,148,6.348333333333334,
48,Others,Norway,3851,2.0010687022900764,
48,Others,Poland,140,2.37375,
48,Others,Portugal,1085,3.130363636363636,
48,Others,Spain,417,2.1551428571428572,
48,Others,Switzerland,261,6.579047619047619,
48,Others,USA,148,1.7242857142857144,
48,Others,United Kingdom,188155,2.9803563863588223,
48,Planes,EIRE,16,2.95,
48,Planes,France,10,3.25,
48,Planes,Germany,36,1.45,
48,Planes,Norway,36,1.45,
48,Planes,United Kingdom,179,2.5527450980392157,
49,Classic Cars,Belgium,32,1.1199999999999999,
49,Classic Cars,Channel Islands,29,18.7875,
49,Classic Cars,Denmark,12,0.85,
49,Classic Cars,EIRE,97,16.506999999999998,
49,Classic Cars,France,229,0.7736842105263158,
49,Classic Cars,Germany,96,0.5237499999999999,
49,Classic Cars,Greece,58,0.6659999999999999,
49,Classic Cars,Iceland,64,1.2633333333333334,
49,Classic Cars,Japan,360,0.36,
49,Classic Cars,Netherlands,792,0.45999999999999996,
49,Classic Cars,Norway,264,0.42,
49,Classic Cars,Portugal,50,1.6300000000000001,
49,Classic Cars,Spain,4,1.69,
49,Classic Cars,United Kingdom,11727,1.5403830369357046,
49,Motorcycles,United Kingdom,61,0.82,
49,Others,Australia,214,2.72625,
49,Others,Austria,148,9.225714285714286,
49,Others,Belgium,567,3.564375,
49,Others,Channel Islands,111,5.893888888888889,
49,Others,Denmark,615,4.244,
49,Others,EIRE,4202,3.650771349862259,
49,Others,France,4030,3.44369696969697,
49,Others,Germany,5007,4.282558823529412,
49,Others,Greece,178,5.162258064516129,
49,Others,Iceland,443,2.5023684210526316,
49,Others,Italy,45,8.05625,
49,Others,Japan,3537,2.107045454545455,
49,Others,Lithuania,30,2.1,
49,Others,Netherlands,7166,2.5084810126582275,
49,Others,Norway,3749,2.55007299270073,
49,Others,Portugal,1213,4.431037037037037,
49,Others,Spain,337,2.470096153846154,
49,Others,Sweden,40,5.95,
49,Others,USA,408,2.033809523809524,
49,Others,United Kingdom,280671,2.855079731661718,
49,Planes,EIRE,4,4.25,
49,Planes,Germany,18,2.25,
49,Planes,Iceland,4,4.25,
49,Planes,Norway,36,1.45,
49,Planes,United Kingdom,215,2.824347826086956,
50,Classic Cars,Belgium,16,1.69,
50,Classic Cars,EIRE,26,26.41,
50,Classic Cars,France,2,1.45,
50,Classic Cars,Germany,24,2.516666666666667,
50,Classic Cars,Portugal,14,3.15,
50,Classic Cars,Spain,72,0.42000000000000004,
50,Classic Cars,United Kingdom,2187,1.399438202247191,
50,Motorcycles,France,1,1.25,
50,Motorcycles,United Kingdom,2,1.25,
50,Others,Australia,146,3.5100000000000002,
50,Others,Austria,51,8.0875,
50,Others,Belgium,269,4.932068965517241,
50,Others,Cyprus,917,2.393734939759036,
50,Others,EIRE,861,3.966338028169014,
50,Others,Finland,1254,2.9176470588235297,
50,Others,France,530,2.200135135135135,
50,Others,Germany,1949,4.218222222222223,
50,Others,Portugal,179,3.906,
50,Others,Spain,328,4.4736,
50,Others,Sweden,3954,1.6276923076923078,
50,Others,United Kingdom,83495,3.240085186938003,
50,Planes,France,2,4.25,
50,Planes,Germany,24,1.75,
50,Planes,United Kingdom,135,2.65,
51,Classic Cars,Belgium,8,1.69,
51,Classic Cars,EIRE,13,25.425,
51,Classic Cars,France,25,50.28,
51,Classic Cars,Switzerland,72,0.42000000000000004,
51,Classic Cars,United Kingdom,304,2.1345161290322583,
51,Others,Belgium,934,1.7217307692307693,
51,Others,EIRE,439,4.110975609756098,
51,Others,France,822,3.2076470588235293,
51,Others,Germany,1169,3.4052325581395353,
51,Others,Italy,131,6.78125,
51,Others,Netherlands,6714,2.0691428571428574,
51,Others,Switzerland,508,2.3572972972972974,
51,Others,United Kingdom,19624,3.3157468727005153,
51,Planes,Switzerland,24,1.25,
51,Planes,United Kingdom,22,2.6666666666666665,
